feature,group,importance
netload_lags:NetLoad_l48,netload_lags,4233.637587986781
netload_lags:NetLoad_l47,netload_lags,4213.869962408146
netload_lags:NetLoad_l46,netload_lags,4192.686715829698
netload_lags:NetLoad_l1,netload_lags,4175.620265242663
netload_lags:NetLoad_l2,netload_lags,4174.499254291737
netload_lags:NetLoad_l45,netload_lags,4163.834562540585
netload_lags:NetLoad_l3,netload_lags,4156.497076206714
netload_lags:NetLoad_l44,netload_lags,4136.05924021302
netload_lags:NetLoad_l4,netload_lags,4136.053600778298
netload_lags:NetLoad_l5,netload_lags,4115.900435846002
netload_lags:NetLoad_l6,netload_lags,4106.072385292398
netload_lags:NetLoad_l43,netload_lags,4102.104639895556
netload_lags:NetLoad_l7,netload_lags,4092.305655090627
netload_lags:NetLoad_l8,netload_lags,4088.72156102445
netload_lags:NetLoad_l9,netload_lags,4078.529040870151
netload_lags:NetLoad_l42,netload_lags,4070.8909147112554
netload_lags:NetLoad_l10,netload_lags,4064.448818051429
netload_lags:NetLoad_l11,netload_lags,4051.0486196627166
netload_lags:NetLoad_l41,netload_lags,4048.1342197866215
netload_lags:NetLoad_l12,netload_lags,4026.5158000853785
netload_lags:NetLoad_l40,netload_lags,4010.974629833418
netload_lags:NetLoad_l13,netload_lags,3993.3043105566244
netload_lags:NetLoad_l39,netload_lags,3980.647888987006
netload_lags:NetLoad_l27,netload_lags,3978.7963705392613
netload_lags:NetLoad_l25,netload_lags,3976.0120742312943
netload_lags:NetLoad_l28,netload_lags,3974.7867632996904
netload_lags:NetLoad_l30,netload_lags,3973.0811459864276
netload_lags:NetLoad_l26,netload_lags,3972.997628289026
netload_lags:NetLoad_l24,netload_lags,3970.4850250645386
netload_lags:NetLoad_l29,netload_lags,3970.158793943953
netload_lags:NetLoad_l23,netload_lags,3969.423465495587
netload_lags:NetLoad_l14,netload_lags,3968.611345994018
netload_lags:NetLoad_l22,netload_lags,3962.9547492289125
netload_lags:NetLoad_l21,netload_lags,3960.5432943514033
netload_lags:NetLoad_l38,netload_lags,3953.4734289757644
netload_lags:NetLoad_l20,netload_lags,3950.840914567593
netload_lags:NetLoad_l31,netload_lags,3950.496622202001
netload_lags:NetLoad_l15,netload_lags,3947.185880336033
netload_lags:NetLoad_l19,netload_lags,3940.820880494769
netload_lags:NetLoad_l16,netload_lags,3938.598239035978
netload_lags:NetLoad_l17,netload_lags,3936.6999552429243
netload_lags:NetLoad_l32,netload_lags,3935.0211662376832
netload_lags:NetLoad_l33,netload_lags,3932.4263252965775
netload_lags:NetLoad_l37,netload_lags,3928.7365697459045
netload_lags:NetLoad_l18,netload_lags,3927.6994225492717
netload_lags:NetLoad_l34,netload_lags,3921.052406160825
netload_lags:NetLoad_l35,netload_lags,3917.794006657507
netload_lags:NetLoad_l36,netload_lags,3916.316375105599
exogenous:clearness_sq,exogenous,1942.0194498697933
exogenous:clearness,exogenous,1752.7514772502404
temp_lags:temperature_l-1,temp_lags,1316.2170901910927
temp_lags:temperature_l-2,temp_lags,1312.5828208173034
temp_lags:temperature_l-3,temp_lags,1305.966560023601
temp_lags:temperature_l-4,temp_lags,1299.8136269039435
temp_lags:temperature_l-5,temp_lags,1292.6924074686171
temp_lags:temperature_l-6,temp_lags,1281.1851460676285
temp_lags:temperature_l-7,temp_lags,1268.6059448327785
temp_lags:temperature_l-8,temp_lags,1256.2365384551372
temp_lags:temperature_l-9,temp_lags,1248.9665163606003
temp_lags:temperature_l-10,temp_lags,1231.8467086113094
temp_lags:temperature_l-11,temp_lags,1216.7116552824011
temp_lags:temperature_l-12,temp_lags,1198.904679152694
temp_lags:temperature_l-13,temp_lags,1185.2986465305264
temp_lags:temperature_l-14,temp_lags,1172.7560212561991
exogenous:nebulosity,exogenous,1165.676229882495
temp_lags:temperature_l-15,temp_lags,1159.2886506466548
temp_lags:temperature_l-16,temp_lags,1147.7326383782452
temp_lags:temperature_l-17,temp_lags,1138.439800558973
temp_lags:temperature_l-18,temp_lags,1137.6236611210823
temp_lags:temperature_l-45,temp_lags,1135.9098108516055
temp_lags:temperature_l-46,temp_lags,1134.6422755806022
temp_lags:temperature_l-44,temp_lags,1133.6964648677647
temp_lags:temperature_l-43,temp_lags,1133.5861989046994
temp_lags:temperature_l-22,temp_lags,1133.212623276394
temp_lags:temperature_l-42,temp_lags,1131.4816104640695
temp_lags:temperature_l-47,temp_lags,1131.4345988215068
temp_lags:temperature_l-23,temp_lags,1130.7457834858517
temp_lags:temperature_l-19,temp_lags,1130.7400341869738
temp_lags:temperature_l-20,temp_lags,1128.807730142643
temp_lags:temperature_l-26,temp_lags,1126.8576094397513
temp_lags:temperature_l-27,temp_lags,1126.8321565084989
temp_lags:temperature_l-24,temp_lags,1126.6324638943097
temp_lags:temperature_l-41,temp_lags,1126.5357802174915
temp_lags:temperature_l-21,temp_lags,1126.260313348536
temp_lags:temperature_l-28,temp_lags,1126.0762781134579
temp_lags:temperature_l-25,temp_lags,1125.7847770925528
temp_lags:temperature_l-40,temp_lags,1123.859804362749
temp_lags:temperature_l-29,temp_lags,1123.603777740269
temp_lags:temperature_l-30,temp_lags,1121.3598566058388
temp_lags:temperature_l-39,temp_lags,1120.4776132716386
temp_lags:temperature_l-38,temp_lags,1120.1986564306271
temp_lags:temperature_l-34,temp_lags,1117.9627224341516
temp_lags:temperature_l-31,temp_lags,1117.8973854943686
temp_lags:temperature_l-32,temp_lags,1116.5822219936076
temp_lags:temperature_l-37,temp_lags,1116.359794202694
temp_lags:temperature_l-35,temp_lags,1116.2792332320525
temp_lags:temperature_l-36,temp_lags,1116.2299202329598
temp_lags:temperature_l-33,temp_lags,1115.7013028882657
exogenous:temperature_lisse_990,exogenous,1098.7676163611275
exogenous:day_type_jf,exogenous,1090.1302083333333
exogenous:temperature_lisse_950,exogenous,1087.1573874231876
exogenous:temp_sq,exogenous,941.0852922854477
exogenous:cool_deg,exogenous,940.5825014846291
exogenous:temperature,exogenous,940.5825014846291
calendar_dummies:day_type_week_6,calendar_dummies,926.9755045572916
exogenous:toy,exogenous,880.8344575225004
exogenous:month,exogenous,824.8477690736346
calendar_dummies:day_type_week_5,calendar_dummies,788.9683430989584
exogenous:period_hour_changed,exogenous,773.4893391927084
exogenous:day_length,exogenous,732.0949988508166
exogenous:solar_pot,exogenous,709.3951489770905
exogenous:period_summer,exogenous,551.3475138346388
exogenous:wind_cubed,exogenous,550.9888919977673
exogenous:period_holiday_zone_a,exogenous,447.1763916015625
exogenous:period_holiday_zone_b,exogenous,432.47399902343943
exogenous:wind_by_wind_power_weights,exogenous,410.07241301937
exogenous:period_holiday_zone_c,exogenous,401.3054809570359
calendar_dummies:day_type_week_1,calendar_dummies,393.78184000651095
exogenous:wind_cap_cubed,exogenous,388.7980054166398
exogenous:period_holiday,exogenous,362.9852294921898
calendar_dummies:day_type_week_3,calendar_dummies,342.66796875
calendar_dummies:day_type_week_2,calendar_dummies,335.12460327149194
exogenous:nebulosity_by_solar_power_weights,exogenous,306.06156860198723
exogenous:wind,exogenous,265.0137528516409
calendar_dummies:day_type_week_4,calendar_dummies,211.76285807292058
exogenous:period_christmas,exogenous,53.52814229329523
calendar_dummies:tod_37,calendar_dummies,0.0
calendar_dummies:tod_29,calendar_dummies,0.0
calendar_dummies:tod_30,calendar_dummies,0.0
calendar_dummies:tod_31,calendar_dummies,0.0
calendar_dummies:tod_32,calendar_dummies,0.0
calendar_dummies:tod_33,calendar_dummies,0.0
calendar_dummies:tod_34,calendar_dummies,0.0
calendar_dummies:tod_35,calendar_dummies,0.0
calendar_dummies:tod_36,calendar_dummies,0.0
calendar_dummies:tod_47,calendar_dummies,0.0
calendar_dummies:tod_38,calendar_dummies,0.0
calendar_dummies:tod_39,calendar_dummies,0.0
calendar_dummies:tod_40,calendar_dummies,0.0
calendar_dummies:tod_41,calendar_dummies,0.0
calendar_dummies:tod_42,calendar_dummies,0.0
calendar_dummies:tod_43,calendar_dummies,0.0
calendar_dummies:tod_44,calendar_dummies,0.0
calendar_dummies:tod_45,calendar_dummies,0.0
calendar_dummies:tod_46,calendar_dummies,0.0
calendar_dummies:tod_27,calendar_dummies,0.0
calendar_dummies:tod_28,calendar_dummies,0.0
calendar_dummies:tod_19,calendar_dummies,0.0
calendar_dummies:tod_26,calendar_dummies,0.0
calendar_dummies:tod_11,calendar_dummies,0.0
exogenous:heat_deg,exogenous,0.0
calendar_dummies:tod_1,calendar_dummies,0.0
calendar_dummies:tod_2,calendar_dummies,0.0
calendar_dummies:tod_3,calendar_dummies,0.0
calendar_dummies:tod_4,calendar_dummies,0.0
calendar_dummies:tod_5,calendar_dummies,0.0
calendar_dummies:tod_6,calendar_dummies,0.0
calendar_dummies:tod_7,calendar_dummies,0.0
calendar_dummies:tod_8,calendar_dummies,0.0
calendar_dummies:tod_9,calendar_dummies,0.0
calendar_dummies:tod_10,calendar_dummies,0.0
calendar_dummies:tod_12,calendar_dummies,0.0
calendar_dummies:tod_25,calendar_dummies,0.0
calendar_dummies:tod_13,calendar_dummies,0.0
exogenous:year,exogenous,0.0
calendar_dummies:tod_15,calendar_dummies,0.0
calendar_dummies:tod_16,calendar_dummies,0.0
calendar_dummies:tod_17,calendar_dummies,0.0
calendar_dummies:tod_18,calendar_dummies,0.0
calendar_dummies:tod_20,calendar_dummies,0.0
calendar_dummies:tod_21,calendar_dummies,0.0
calendar_dummies:tod_22,calendar_dummies,0.0
calendar_dummies:tod_23,calendar_dummies,0.0
calendar_dummies:tod_24,calendar_dummies,0.0
calendar_dummies:tod_14,calendar_dummies,0.0
